<?xml version="1.0" encoding="UTF-8"?>
<metadata xml:lang="en"><Esri><CreaDate>20180611</CreaDate><CreaTime>11205800</CreaTime><ArcGISFormat>1.0</ArcGISFormat><SyncOnce>TRUE</SyncOnce><DataProperties><lineage><Process ToolSource="c:\program files (x86)\arcgis\desktop10.3\ArcToolbox\Toolboxes\Data Management Tools.tbx\CalculateField" Date="20180611" Time="110615">CalculateField BAAQMD_1km_toxic I calcI( !OID! , 164) PYTHON_9.3 "def calcI(ID, Imax):\n I = ID%Imax\n if I == 0:\n  return 164\n else:\n  return I"</Process><Process ToolSource="c:\program files (x86)\arcgis\desktop10.3\ArcToolbox\Toolboxes\Data Management Tools.tbx\CalculateField" Date="20180611" Time="110832">CalculateField BAAQMD_1km_toxic J "( !OID! - 1)//164 +1" PYTHON_9.3 #</Process><Process ToolSource="c:\program files (x86)\arcgis\desktop10.3\ArcToolbox\Toolboxes\Data Management Tools.tbx\CalculateField" Date="20180611" Time="111721">CalculateField BAAQMD_1km_toxic I_J str( !I! ) PYTHON_9.3 #</Process><Process ToolSource="c:\program files (x86)\arcgis\desktop10.3\ArcToolbox\Toolboxes\Data Management Tools.tbx\CalculateField" Date="20180611" Time="111954">CalculateField BAAQMD_1km_toxic I_J "str( !I! ) + "_" +  str( !J! )" PYTHON_9.3 #</Process><Process ToolSource="c:\program files (x86)\arcgis\desktop10.6\ArcToolbox\Toolboxes\Data Management Tools.tbx\CalculateField" Date="20190215" Time="143901">CalculateField "Regional modeling grid (1km)" GID +1 VB #</Process><Process ToolSource="c:\program files (x86)\arcgis\desktop10.6\ArcToolbox\Toolboxes\Data Management Tools.tbx\CalculateField" Date="20190215" Time="143929">CalculateField "Regional modeling grid (1km)" GID "[FID] +1" VB #</Process></lineage></DataProperties></Esri></metadata>
