,isrm
0,842
1,843
2,909
3,910
4,911
5,947
6,948
7,953
8,954
9,955
10,956
11,957
12,958
13,959
14,960
15,961
16,962
17,963
18,964
19,965
20,966
21,967
22,968
23,969
24,970
25,971
26,972
27,973
28,974
29,975
30,976
31,977
32,978
33,979
34,980
35,981
36,982
37,983
38,984
39,985
40,986
41,987
42,988
43,989
44,990
45,991
46,992
47,993
48,994
49,995
50,996
51,997
52,998
53,999
54,1000
55,1001
56,1002
57,1003
58,1004
59,1005
60,1008
61,1009
62,1010
63,1011
64,1012
65,1013
66,1014
67,1015
68,1016
69,1017
70,1018
71,1019
72,1020
73,1021
74,1022
75,1023
76,1024
77,1025
78,1026
79,1027
80,1028
81,1029
82,1030
83,1031
84,1032
85,1033
86,1034
87,1035
88,1036
89,1037
90,1038
91,1039
92,1040
93,1041
94,1042
95,1043
96,1044
97,1045
98,1046
99,1047
100,1048
101,1049
102,1050
103,1051
104,1052
105,1053
106,1054
107,1055
108,1056
109,1057
110,1058
111,1059
112,1060
113,1061
114,1062
115,1063
116,1064
117,1065
118,1066
119,1067
120,1068
121,1069
122,1070
123,1071
124,1072
125,1073
126,1074
127,1075
128,1076
129,1077
130,1078
131,1079
132,1080
133,1081
134,1082
135,1083
136,1084
137,1085
138,1086
139,1087
140,1088
141,1089
142,1090
143,1091
144,1092
145,1093
146,1094
147,1095
148,1096
149,1097
150,1098
151,1099
152,1100
153,1101
154,1102
155,1103
156,1104
157,1105
158,1106
159,1107
160,1108
161,1109
162,1110
163,1111
164,1112
165,1113
166,1114
167,1115
168,1116
169,1117
170,1118
171,1119
172,1120
173,1121
174,1122
175,1123
176,1124
177,1125
178,1126
179,1127
180,1128
181,1129
182,1130
183,1131
184,1132
185,1133
186,1134
187,1135
188,1136
189,1137
190,1138
191,1139
192,1140
193,1141
194,1142
195,1143
196,1144
197,1145
198,1146
199,1147
200,1148
201,1149
202,1150
203,1151
204,1152
205,1153
206,1154
207,1155
208,1156
209,1157
210,1158
211,1159
212,1160
213,1161
214,1162
215,1163
216,1164
217,1165
218,1166
219,1167
220,1168
221,1169
222,1170
223,1171
224,1172
225,1173
226,1174
227,1175
228,1176
229,1177
230,1178
231,1179
232,1180
233,1181
234,1182
235,1183
236,1184
237,1185
238,1186
239,1187
240,1188
241,1189
242,1190
243,1191
244,1192
245,1193
246,1194
247,1195
248,1196
249,1197
250,1198
251,1199
252,1200
253,1201
254,1202
255,1203
256,1204
257,1205
258,1206
259,1207
260,1208
261,1209
262,1210
263,1211
264,1212
265,1213
266,1214
267,1215
268,1216
269,1217
270,1218
271,1219
272,1220
273,1221
274,1222
275,1223
276,1224
277,1225
278,1226
279,1227
280,1228
281,1229
282,1230
283,1231
284,1232
285,1233
286,1234
287,1235
288,1236
289,1239
290,1240
291,1243
292,1244
293,1245
294,1246
295,1247
296,1248
297,1249
298,1250
299,1251
300,1252
301,1253
302,1254
303,1255
304,1256
305,1257
306,1258
307,1259
308,1260
309,1261
310,1262
311,1263
312,1264
313,1265
314,1266
315,1267
316,1268
317,1269
318,1270
319,1271
320,1272
321,1273
322,1274
323,1275
324,1276
325,1277
326,1278
327,1279
328,1280
329,1281
330,1282
331,1283
332,1284
333,1285
334,1286
335,1287
336,1288
337,1289
338,1290
339,1291
340,1292
341,1293
342,1294
343,1295
344,1296
345,1297
346,1298
347,1299
348,1300
349,1301
350,1302
351,1303
352,1304
353,1305
354,1306
355,1307
356,1308
357,1309
358,1310
359,1311
360,1312
361,1316
362,1317
363,1318
364,1319
365,1320
366,1321
367,1322
368,1323
369,1324
370,1325
371,1326
372,1327
373,1328
374,1329
375,1330
376,1331
377,1332
378,1333
379,1334
380,1335
381,1336
382,1337
383,1338
384,1339
385,1340
386,1341
387,1342
388,1343
389,1344
390,1345
391,1346
392,1347
393,1348
394,1349
395,1350
396,1351
397,1352
398,1353
399,1354
400,1355
401,1356
402,1357
403,1358
404,1359
405,1360
406,1361
407,1362
408,1363
409,1364
410,1365
411,1366
412,1367
413,1368
414,1369
415,1370
416,1371
417,1372
418,1373
419,1374
420,1375
421,1376
422,1377
423,1378
424,1379
425,1380
426,1381
427,1382
428,1383
429,1384
430,1385
431,1386
432,1387
433,1388
434,1389
435,1390
436,1391
437,1392
438,1393
439,1394
440,1395
441,1396
442,1397
443,1398
444,1399
445,1400
446,1401
447,1402
448,1403
449,1404
450,1405
451,1406
452,1407
453,1408
454,1409
455,1410
456,1411
457,1412
458,1413
459,1414
460,1415
461,1416
462,1421
463,1422
464,1423
465,1424
466,1425
467,1426
468,1427
469,1428
470,1429
471,1430
472,1431
473,1432
474,1433
475,1434
476,1435
477,1436
478,1437
479,1438
480,1439
481,1440
482,1441
483,1442
484,1443
485,1444
486,1445
487,1446
488,1447
489,1448
490,1449
491,1450
492,1451
493,1452
494,1453
495,1454
496,1455
497,1456
498,1457
499,1458
500,1459
501,1460
502,1461
503,1462
504,1463
505,1464
506,1465
507,1466
508,1467
509,1470
510,1471
511,1472
512,1473
513,1474
514,1475
515,1477
516,1478
517,1479
518,1480
519,1481
520,1482
521,1483
522,1486
523,1487
524,1488
525,1489
526,1490
527,1491
528,1494
529,1495
530,1496
531,1497
532,1498
533,1499
534,1500
535,1501
536,1502
537,1503
538,1504
539,1505
540,1506
541,1507
542,1508
543,1509
544,1510
545,1511
546,1512
547,1513
548,1514
549,1515
550,1518
551,1519
552,1520
553,1521
554,1522
555,1523
556,1524
557,1525
558,1526
559,1527
560,1528
561,1529
562,1531
563,1532
564,1533
565,1534
566,1537
567,1538
568,1539
569,1540
570,1541
571,1542
572,1543
573,1544
574,1545
575,1546
576,1547
577,1548
578,1630
579,1631
580,1632
581,1633
582,1634
583,1635
584,1636
585,1637
586,1638
587,1639
588,1640
589,1641
590,1642
591,1643
592,1644
593,1645
594,1646
595,1647
596,1648
597,1649
598,1650
599,1651
600,1652
601,1653
602,1654
603,1655
604,1656
605,1657
606,1658
607,1659
608,1660
609,1661
610,1664
611,1665
612,1666
613,1667
614,1668
615,1669
616,1670
617,1671
618,1672
619,1673
620,1678
621,1679
622,1680
623,1681
624,1682
625,1683
626,1684
627,1685
628,1686
629,1687
630,1688
631,1689
632,1690
633,1691
634,1692
635,1693
636,1694
637,1695
638,1696
639,1697
640,1698
641,1699
642,1700
643,1701
644,1702
645,1703
646,1704
647,1705
648,1706
649,1707
650,1708
651,1709
652,1711
653,1712
654,1713
655,1714
656,1715
657,1716
658,1717
659,1718
660,1719
661,1720
662,1721
663,1722
664,1723
665,1724
666,1725
667,1726
668,1727
669,1732
670,1733
671,1734
672,1735
673,1736
674,1737
675,1738
676,1739
677,1740
678,1741
679,1742
680,1743
681,1744
682,1745
683,1746
684,1747
685,1748
686,1749
687,1750
688,1751
689,1752
690,1753
691,1754
692,1755
693,1756
694,1757
695,1758
696,1759
697,1760
698,1761
699,1762
700,1763
701,1764
702,1765
703,1766
704,1767
705,1768
706,1769
707,1770
708,1771
709,1772
710,1773
711,1774
712,1775
713,1778
714,1779
715,1780
716,1781
717,1786
718,1787
719,1788
720,1789
721,1790
722,1791
723,1792
724,1793
725,1794
726,1795
727,1796
728,1797
729,1798
730,1799
731,1800
732,1801
733,1802
734,1803
735,1804
736,1805
737,1806
738,1807
739,1808
740,1809
741,1810
742,1811
743,1812
744,1813
745,1814
746,1815
747,1816
748,1817
749,1818
750,1819
751,1820
752,1821
753,1822
754,1823
755,1824
756,1825
757,1826
758,1827
759,1828
760,1829
761,1834
762,1835
763,1836
764,1837
765,1838
766,1839
767,1840
768,1841
769,1842
770,1843
771,1844
772,1845
773,1846
774,1847
775,1848
776,1849
777,1850
778,1851
779,1852
780,1853
781,1854
782,1855
783,1856
784,1857
785,1858
786,1859
787,1860
788,1861
789,1862
790,1863
791,1864
792,1865
793,1866
794,1867
795,1868
796,1869
797,1872
798,1873
799,1874
800,1875
801,1876
802,1877
803,1878
804,1879
805,1884
806,1885
807,1886
808,1887
809,1888
810,1889
811,1890
812,1891
813,1892
814,1893
815,1894
816,1895
817,1896
818,1897
819,1898
820,1899
821,1900
822,1901
823,1902
824,1903
825,1904
826,1905
827,1906
828,1907
829,1908
830,1909
831,1910
832,1911
833,1912
834,1913
835,1914
836,1915
837,1916
838,1917
839,1918
840,1919
841,1923
842,1924
843,1925
844,1926
845,1927
846,1928
847,1929
848,1930
849,1931
850,1932
851,1933
852,1934
853,1935
854,1936
855,1937
856,1938
857,1939
858,1940
859,1941
860,1942
861,1943
862,1944
863,1945
864,1946
865,1947
866,1948
867,1949
868,1950
869,1951
870,1952
871,1953
872,1954
873,1955
874,1956
875,1957
876,1958
877,1959
878,1960
879,1961
880,1962
881,1963
882,1964
883,1965
884,1966
885,1967
886,1968
887,1969
888,1970
889,1971
890,1972
891,1973
892,1974
893,1979
894,1980
895,1981
896,1982
897,1983
898,1984
899,1985
900,1986
901,1987
902,1988
903,1989
904,1990
905,1991
906,1992
907,1993
908,1994
909,1995
910,1996
911,1997
912,1998
913,1999
914,2000
915,2001
916,2002
917,2003
918,2004
919,2005
920,2006
921,2007
922,2008
923,2009
924,2010
925,2011
926,2012
927,2013
928,2014
929,2015
930,2016
931,2017
932,2018
933,2019
934,2020
935,2021
936,2022
937,2023
938,2024
939,2025
940,2026
941,2027
942,2028
943,2029
944,2030
945,2031
946,2032
947,2033
948,2034
949,2035
950,2036
951,2037
952,2038
953,2039
954,2040
955,2041
956,2042
957,2043
958,2044
959,2045
960,2046
961,2047
962,2048
963,2049
964,2050
965,2051
966,2052
967,2053
968,2054
969,2055
970,2056
971,2057
972,2058
973,2059
974,2060
975,2061
976,2062
977,2063
978,2064
979,2065
980,2066
981,2067
982,2068
983,2069
984,2070
985,2071
986,2072
987,2076
988,2077
989,2078
990,2079
991,2080
992,2081
993,2082
994,2083
995,2084
996,2085
997,2086
998,2087
999,2088
1000,2089
1001,2090
1002,2091
1003,2092
1004,2093
1005,2094
1006,2095
1007,2096
1008,2097
1009,2098
1010,2099
1011,2100
1012,2101
1013,2102
1014,2103
1015,2104
1016,2105
1017,2106
1018,2107
1019,2108
1020,2109
1021,2110
1022,2111
1023,2112
1024,2113
1025,2114
1026,2115
1027,2116
1028,2117
1029,2118
1030,2119
1031,2120
1032,2121
1033,2122
1034,2123
1035,2124
1036,2125
1037,2126
1038,2127
1039,2128
1040,2129
1041,2130
1042,2131
1043,2132
1044,2133
1045,2134
1046,2135
1047,2136
1048,2137
1049,2138
1050,2139
1051,2140
1052,2141
1053,2142
1054,2143
1055,2144
1056,2145
1057,2146
1058,2147
1059,2148
1060,2149
1061,2150
1062,2151
1063,2152
1064,2153
1065,2154
1066,2155
1067,2156
1068,2158
1069,2161
1070,2162
1071,2163
1072,2164
1073,2165
1074,2166
1075,2167
1076,2168
1077,2169
1078,2170
1079,2171
1080,2172
1081,2173
1082,2174
1083,2175
1084,2176
1085,2177
1086,2178
1087,2179
1088,2180
1089,2181
1090,2182
1091,2183
1092,2184
1093,2185
1094,2186
1095,2187
1096,2188
1097,2189
1098,2190
1099,2191
1100,2192
1101,2193
1102,2194
1103,2195
1104,2196
1105,2197
1106,2198
1107,2199
1108,2200
1109,2201
1110,2202
1111,2203
1112,2204
1113,2205
1114,2206
1115,2207
1116,2208
1117,2209
1118,2210
1119,2211
1120,2212
1121,2213
1122,2214
1123,2215
1124,2216
1125,2217
1126,2218
1127,2219
1128,2220
1129,2221
1130,2222
1131,2223
1132,2224
1133,2225
1134,2226
1135,2227
1136,2228
1137,2229
1138,2230
1139,2231
1140,2232
1141,2233
1142,2240
1143,2241
1144,2242
1145,2243
1146,2244
1147,2245
1148,2246
1149,2247
1150,2248
1151,2249
1152,2250
1153,2251
1154,2252
1155,2253
1156,2254
1157,2255
1158,2256
1159,2257
1160,2258
1161,2259
1162,2260
1163,2261
1164,2262
1165,2263
1166,2264
1167,2265
1168,2266
1169,2267
1170,2268
1171,2269
1172,2270
1173,2271
1174,2272
1175,2273
1176,2274
1177,2275
1178,2276
1179,2277
1180,2278
1181,2279
1182,2280
1183,2281
1184,2282
1185,2283
1186,2284
1187,2285
1188,2286
1189,2287
1190,2288
1191,2289
1192,2290
1193,2291
1194,2292
1195,2293
1196,2294
1197,2295
1198,2296
1199,2297
1200,2298
1201,2299
1202,2300
1203,2301
1204,2302
1205,2303
1206,2304
1207,2305
1208,2306
1209,2307
1210,2308
1211,2309
1212,2310
1213,2311
1214,2312
1215,2313
1216,2314
1217,2315
1218,2316
1219,2317
1220,2318
1221,2319
1222,2320
1223,2321
1224,2322
1225,2323
1226,2324
1227,2325
1228,2326
1229,2327
1230,2328
1231,2329
1232,2330
1233,2331
1234,2332
1235,2333
1236,2334
1237,2335
1238,2336
1239,2337
1240,2338
1241,2339
1242,2340
1243,2341
1244,2342
1245,2343
1246,2344
1247,2345
1248,2346
1249,2347
1250,2348
1251,2349
1252,2350
1253,2351
1254,2352
1255,2353
1256,2354
1257,2355
1258,2356
1259,2357
1260,2358
1261,2359
1262,2360
1263,2361
1264,2362
1265,2363
1266,2364
1267,2365
1268,2366
1269,2367
1270,2368
1271,2369
1272,2370
1273,2371
1274,2372
1275,2373
1276,2374
1277,2375
1278,2376
1279,2377
1280,2378
1281,2379
1282,2380
1283,2381
1284,2382
1285,2383
1286,2384
1287,2385
1288,2386
1289,2387
1290,2388
1291,2389
1292,2390
1293,2391
1294,2392
1295,2393
1296,2394
1297,2395
1298,2396
1299,2397
1300,2398
1301,2399
1302,2400
1303,2401
1304,2402
1305,2403
1306,2404
1307,2405
1308,2406
1309,2407
1310,2408
1311,2409
1312,2410
1313,2411
1314,2412
1315,2413
1316,2414
1317,2415
1318,2416
1319,2417
1320,2418
1321,2419
1322,2420
1323,2421
1324,2422
1325,2430
1326,2431
1327,2432
1328,2433
1329,2434
1330,2435
1331,2436
1332,2437
1333,2438
1334,2439
1335,2440
1336,2441
1337,2442
1338,2443
1339,2444
1340,2445
1341,2446
1342,2447
1343,2448
1344,2449
1345,2450
1346,2451
1347,2452
1348,2453
1349,2454
1350,2455
1351,2456
1352,2457
1353,2458
1354,2459
1355,2460
1356,2461
1357,2462
1358,2463
1359,2464
1360,2465
1361,2466
1362,2467
1363,2468
1364,2469
1365,2470
1366,2471
1367,2472
1368,2473
1369,2474
1370,2475
1371,2476
1372,2477
1373,2478
1374,2479
1375,2480
1376,2481
1377,2482
1378,2483
1379,2484
1380,2485
1381,2486
1382,2487
1383,2488
1384,2489
1385,2490
1386,2491
1387,2492
1388,2493
1389,2494
1390,2495
1391,2496
1392,2497
1393,2498
1394,2499
1395,2500
1396,2501
1397,2502
1398,2503
1399,2504
1400,2505
1401,2506
1402,2507
1403,2508
1404,2509
1405,2510
1406,2511
1407,2512
1408,2513
1409,2514
1410,2515
1411,2516
1412,2517
1413,2518
1414,2519
1415,2520
1416,2521
1417,2522
1418,2523
1419,2524
1420,2525
1421,2526
1422,2527
1423,2528
1424,2529
1425,2530
1426,2531
1427,2532
1428,2533
1429,2534
1430,2535
1431,2536
1432,2537
1433,2538
1434,2539
1435,2540
1436,2541
1437,2542
1438,2543
1439,2544
1440,2545
1441,2552
1442,2553
1443,2554
1444,2555
1445,2556
1446,2557
1447,2558
1448,2559
1449,2560
1450,2561
1451,2562
1452,2563
1453,2564
1454,2565
1455,2566
1456,2567
1457,2568
1458,2569
1459,2570
1460,2571
1461,2572
1462,2573
1463,2574
1464,2575
1465,2576
1466,2577
1467,2578
1468,2579
1469,2580
1470,2581
1471,2582
1472,2583
1473,2584
1474,2585
1475,2586
1476,2587
1477,2591
1478,2592
1479,2593
1480,2594
1481,2595
1482,2596
1483,2597
1484,2598
1485,2599
1486,2600
1487,2601
1488,2602
1489,2603
1490,2604
1491,2605
1492,2606
1493,2607
1494,2608
1495,2609
1496,2610
1497,2611
1498,2612
1499,2613
1500,2614
1501,2615
1502,2624
1503,2625
1504,2626
1505,2627
1506,2628
1507,2629
1508,2630
1509,2631
1510,2632
1511,2633
1512,2634
1513,2635
1514,2636
1515,2637
1516,2638
1517,2639
1518,2640
1519,2641
1520,2642
1521,2643
1522,2644
1523,2645
1524,2646
1525,2647
1526,2650
1527,2651
1528,2652
1529,2653
1530,2654
1531,2655
1532,2656
1533,2657
1534,2658
1535,2659
1536,2668
1537,2669
1538,2670
1539,2671
1540,2672
1541,2673
1542,2674
1543,2675
1544,2676
1545,2677
1546,2678
1547,2679
1548,2680
1549,2681
1550,2682
1551,2683
1552,2684
1553,2685
1554,2686
1555,2687
1556,2688
1557,2689
1558,2690
1559,2691
1560,2700
1561,2701
1562,2702
1563,2703
1564,2704
1565,2705
1566,2706
1567,2707
1568,2708
1569,2709
1570,2710
1571,2711
1572,2712
1573,2713
1574,2714
1575,2715
1576,2716
1577,2717
1578,2718
1579,2719
1580,2720
1581,2721
1582,2722
1583,2723
1584,2724
1585,2725
1586,2726
1587,2727
1588,2728
1589,2729
1590,2730
1591,2731
1592,2732
1593,2733
1594,2734
1595,2735
1596,2738
1597,2739
1598,2740
1599,2741
1600,2750
1601,2751
1602,2752
1603,2753
1604,2754
1605,2755
1606,2756
1607,2757
1608,2758
1609,2759
1610,2760
1611,2761
1612,2762
1613,2763
1614,2764
1615,2765
1616,2766
1617,2767
1618,2768
1619,2769
1620,2770
1621,2771
1622,2772
1623,2773
1624,2774
1625,2775
1626,2776
1627,2777
1628,2778
1629,2779
1630,2780
1631,2781
1632,2782
1633,2783
1634,2784
1635,2785
1636,2789
1637,2790
1638,2791
1639,2792
1640,2793
1641,2794
1642,2795
1643,2796
1644,2797
1645,2798
1646,2803
1647,2804
1648,2805
1649,2806
1650,2807
1651,2808
1652,2809
1653,2810
1654,2811
1655,2812
1656,2813
1657,2814
1658,2815
1659,2816
1660,2817
1661,2818
1662,2819
1663,2820
1664,2821
1665,2822
1666,2823
1667,2824
1668,2825
1669,2826
1670,2827
1671,2828
1672,2829
1673,2830
1674,2831
1675,2832
1676,2833
1677,2834
1678,2839
1679,2840
1680,2841
1681,2842
1682,2843
1683,2844
1684,2849
1685,2850
1686,2851
1687,2852
1688,2853
1689,2854
1690,2855
1691,2856
1692,2857
1693,2858
1694,2859
1695,2860
1696,2861
1697,2862
1698,2863
1699,2864
1700,2865
1701,2866
1702,2867
1703,2868
1704,2869
1705,2870
1706,2871
1707,2872
1708,2873
1709,2874
1710,2875
1711,2876
1712,2877
1713,2878
1714,2879
1715,2880
1716,2881
1717,2882
1718,2883
1719,2884
1720,2885
1721,2886
1722,2887
1723,2888
1724,2889
1725,2890
1726,2891
1727,2892
1728,2893
1729,2894
1730,2895
1731,2896
1732,2897
1733,2898
1734,2899
1735,2900
1736,2901
1737,2902
1738,2903
1739,2904
1740,2905
1741,2906
1742,2907
1743,2908
1744,2909
1745,2910
1746,2911
1747,2912
1748,2913
1749,2914
1750,2915
1751,2916
1752,2917
1753,2918
1754,2919
1755,2920
1756,2921
1757,2922
1758,2923
1759,2924
1760,2925
1761,2937
1762,2938
1763,2939
1764,2940
1765,2941
1766,2942
1767,2943
1768,2944
1769,2945
1770,2946
1771,2947
1772,2948
1773,2949
1774,2950
1775,2951
1776,2952
1777,2953
1778,2954
1779,2955
1780,2956
1781,2957
1782,2958
1783,2959
1784,2960
1785,2961
1786,2962
1787,2963
1788,2964
1789,2965
1790,2966
1791,2967
1792,2968
1793,2969
1794,2970
1795,2971
1796,2972
1797,2973
1798,2974
1799,2975
1800,2976
1801,2977
1802,2978
1803,2979
1804,2980
1805,2981
1806,2982
1807,2983
1808,2984
1809,2985
1810,2986
1811,2987
1812,2988
1813,2989
1814,2990
1815,2991
1816,2992
1817,2993
1818,2994
1819,2995
1820,2996
1821,3003
1822,3004
1823,3005
1824,3006
1825,3007
1826,3008
1827,3009
1828,3010
1829,3011
1830,3012
1831,3013
1832,3014
1833,3015
1834,3016
1835,3017
1836,3018
1837,3019
1838,3020
1839,3021
1840,3022
1841,3023
1842,3024
1843,3025
1844,3026
1845,3027
1846,3028
1847,3036
1848,3037
1849,3040
1850,3041
1851,3042
1852,3043
1853,3044
1854,3045
1855,3046
1856,3047
1857,3048
1858,3049
1859,3050
1860,3051
1861,3052
1862,3053
1863,3054
1864,3055
1865,3056
1866,3057
1867,3058
1868,3059
1869,3060
1870,3061
1871,3062
1872,3063
1873,3070
1874,3071
1875,3072
1876,3073
1877,3074
1878,3075
1879,3076
1880,3077
1881,3078
1882,3079
1883,3080
1884,3081
1885,3082
1886,3083
1887,3084
1888,3085
1889,3086
1890,3087
1891,3088
1892,3089
1893,3090
1894,3091
1895,3092
1896,3093
1897,3094
1898,3095
1899,3096
1900,3097
1901,3098
1902,3099
1903,3100
1904,3101
1905,3102
1906,3103
1907,3104
1908,3105
1909,3106
1910,3107
1911,3108
1912,3109
1913,3110
1914,3111
1915,3112
1916,3113
1917,3114
1918,3115
1919,3116
1920,3117
1921,3118
1922,3119
1923,3120
1924,3121
1925,3122
1926,3123
1927,3135
1928,3136
1929,3137
1930,3138
1931,3139
1932,3140
1933,3141
1934,3142
1935,3143
1936,3144
1937,3145
1938,3146
1939,3147
1940,3148
1941,3149
1942,3150
1943,3151
1944,3152
1945,3153
1946,3154
1947,3155
1948,3156
1949,3157
1950,3158
1951,3159
1952,3160
1953,3161
1954,3162
1955,3163
1956,3164
1957,3165
1958,3166
1959,3167
1960,3168
1961,3169
1962,3170
1963,3175
1964,3176
1965,3177
1966,3178
1967,3179
1968,3180
1969,3183
1970,3184
1971,3185
1972,3186
1973,3187
1974,3192
1975,3193
1976,3194
1977,3195
1978,3196
1979,3197
1980,3202
1981,3203
1982,3204
1983,3205
1984,3206
1985,3207
1986,3208
1987,3209
1988,3210
1989,3211
1990,3212
1991,3213
1992,3214
1993,3215
1994,3220
1995,3221
1996,3222
1997,3223
1998,3224
1999,3225
2000,3228
2001,3229
2002,3230
2003,3231
2004,3232
2005,3237
2006,3238
2007,3239
2008,3240
2009,3241
2010,3242
2011,3316
2012,3317
2013,3318
2014,3325
2015,3326
2016,3327
2017,3328
2018,3329
2019,3330
2020,3331
2021,3332
2022,3335
2023,3336
2024,3337
2025,3346
2026,3347
2027,3348
2028,3349
2029,3350
2030,3351
2031,3359
2032,3360
2033,3361
2034,3364
2035,3365
2036,3375
2037,3376
2038,3377
2039,3378
2040,3379
2041,3380
2042,3381
2043,3386
2044,3387
2045,3388
2046,3389
2047,3393
2048,3394
2049,3395
2050,3396
2051,3399
2052,3400
2053,3401
2054,3402
2055,3406
2056,3407
2057,3408
2058,3409
2059,3415
2060,3416
2061,3419
2062,3420
2063,3421
2064,3422
2065,3423
2066,3424
2067,3425
2068,3426
2069,3429
2070,3430
2071,3431
2072,3432
2073,3433
2074,3434
2075,3435
2076,3436
2077,3437
2078,3443
2079,3444
2080,3445
2081,3446
2082,3447
2083,3448
2084,3458
2085,3459
2086,3460
2087,3461
2088,3462
2089,3463
2090,3485
2091,3486
2092,3487
2093,3488
2094,3489
2095,3490
2096,3496
2097,3497
2098,3498
2099,3529
2100,3530
2101,3531
2102,3532
2103,3533
